id,country,country_code,name,type
311,Albania,AL,1st Division,League
512,Albania,AL,2nd Division - Group A,League
513,Albania,AL,2nd Division - Group B,League
978,Albania,AL,2nd Division - Play-offs,League
707,Albania,AL,Cup,Cup
708,Albania,AL,Super Cup,Cup
310,Albania,AL,Superliga,League
514,Algeria,DZ,Coupe Nationale,Cup
832,Algeria,DZ,Coupe de la Ligue,Cup
186,Algeria,DZ,Ligue 1,League
187,Algeria,DZ,Ligue 2,League
516,Algeria,DZ,Super Cup,Cup
515,Algeria,DZ,U21 League 1,League
312,Andorra,AD,1a Divisió,League
313,Andorra,AD,2a Divisió,League
655,Andorra,AD,Copa Constitució,Cup
809,Andorra,AD,Super Cup,Cup
397,Angola,AO,Girabola,League
1192,Angola,AO,Super Cup,Cup
1048,Antigua-And-Barbuda,AG,Premier Division,League
130,Argentina,AR,Copa Argentina,Cup
1032,Argentina,AR,Copa de la Liga Profesional,League
483,Argentina,AR,Copa de la Superliga,Cup
128,Argentina,AR,Liga Profesional Argentina,League
131,Argentina,AR,Primera B Metropolitana,League
132,Argentina,AR,Primera C,League
133,Argentina,AR,Primera D,League
129,Argentina,AR,Primera Nacional,League
906,Argentina,AR,Reserve League,League
810,Argentina,AR,Super Copa,Cup
1178,Argentina,AR,Super Copa International,Cup
134,Argentina,AR,Torneo Federal A,League
1067,Argentina,AR,Torneo Promocional Amateur,League
517,Argentina,AR,Trofeo de Campeones de la Superliga,Cup
709,Armenia,AM,Cup,Cup
343,Armenia,AM,First League,League
342,Armenia,AM,Premier League,League
654,Armenia,AM,Super Cup,Cup
421,Aruba,AW,Division di Honor,League
188,Australia,AU,A-League,League
190,Australia,AU,A-League Women,League
874,Australia,AU,Australia Cup,Cup
1202,Australia,AU,Australian Championship,Cup
191,Australia,AU,Brisbane Premier League,League
189,Australia,AU,Capital Territory NPL,League
1092,Australia,AU,Capital Territory NPL 2,League
1090,Australia,AU,NNSW League 1,League
192,Australia,AU,New South Wales NPL,League
835,Australia,AU,New South Wales NPL 2,League
481,Australia,AU,Northern NSW NPL,League
193,Australia,AU,Northern Territory Premier League,League
482,Australia,AU,Queensland NPL,League
833,Australia,AU,Queensland Premier League,League
194,Australia,AU,South Australia NPL,League
834,Australia,AU,South Australia State League 1,League
648,Australia,AU,Tasmania NPL,League
1091,Australia,AU,Tasmania Northern Championship,League
1093,Australia,AU,Tasmania Southern Championship,League
195,Australia,AU,Victoria NPL,League
836,Australia,AU,Victoria NPL 2,League
1226,Australia,AU,Victoria Premier League 2,League
196,Australia,AU,Western Australia NPL,League
1094,Australia,AU,Western Australia State League 1,League
219,Austria,AT,2. Liga,League
218,Austria,AT,Bundesliga,League
220,Austria,AT,Cup,Cup
484,Austria,AT,Frauenliga,League
224,Austria,AT,Landesliga - Burgenland,League
225,Austria,AT,Landesliga - Karnten,League
226,Austria,AT,Landesliga - Niederosterreich,League
227,Austria,AT,Landesliga - Oberosterreich,League
228,Austria,AT,Landesliga - Salzburg,League
229,Austria,AT,Landesliga - Steiermark,League
230,Austria,AT,Landesliga - Tirol,League
231,Austria,AT,Landesliga - Vorarlbergliga,League
232,Austria,AT,Landesliga - Wien,League
222,Austria,AT,Regionalliga - Mitte,League
221,Austria,AT,Regionalliga - Ost,League
688,Austria,AT,Regionalliga - Salzburg,League
687,Austria,AT,Regionalliga - Tirol,League
223,Austria,AT,Regionalliga - West,League
418,Azerbaijan,AZ,Birinci Dasta,League
420,Azerbaijan,AZ,Cup,Cup
419,Azerbaijan,AZ,Premyer Liqa,League
485,Bahrain,BH,Federation Cup,Cup
1049,Bahrain,BH,King's Cup,Cup
417,Bahrain,BH,Premier League,League
1109,Bahrain,BH,Super Cup,Cup
811,Bangladesh,BD,Federation Cup,Cup
398,Bangladesh,BD,Premier League,League
422,Barbados,BB,Premier League,League
117,Belarus,BY,1. Division,League
118,Belarus,BY,2. Division,League
486,Belarus,BY,Coppa,Cup
116,Belarus,BY,Premier League,League
562,Belarus,BY,Reserve League,League
812,Belarus,BY,Super Cup,Cup
145,Belgium,BE,Challenger Pro League,League
147,Belgium,BE,Cup,Cup
487,Belgium,BE,First Amateur Division,League
144,Belgium,BE,Jupiler Pro League,League
153,Belgium,BE,Provincial - Antwerpen,League
691,Belgium,BE,Provincial - Brabant ACFF,League
154,Belgium,BE,Provincial - Brabant VFV,League
155,Belgium,BE,Provincial - Hainaut,League
156,Belgium,BE,Provincial - Liege,League
157,Belgium,BE,Provincial - Limburg,League
158,Belgium,BE,Provincial - Luxembourg,League
159,Belgium,BE,Provincial - Namur,League
160,Belgium,BE,Provincial - Oost-Vlaanderen,League
980,Belgium,BE,Provincial - Play-offs ACFF,League
979,Belgium,BE,Provincial - Play-offs VV,League
161,Belgium,BE,Provincial - West-Vlaanderen,League
518,Belgium,BE,Reserve Pro League,League
148,Belgium,BE,Second Amateur Division - ACFF,League
1011,Belgium,BE,Second Amateur Division - Play-offs ,League
149,Belgium,BE,Second Amateur Division - VFV A,League
150,Belgium,BE,Second Amateur Division - VFV B,League
519,Belgium,BE,Super Cup,Cup
146,Belgium,BE,Super League Women,League
689,Belgium,BE,Third Amateur Division - ACFF A,League
690,Belgium,BE,Third Amateur Division - ACFF B,League
981,Belgium,BE,Third Amateur Division - Play-offs,League
151,Belgium,BE,Third Amateur Division - VFV A,League
152,Belgium,BE,Third Amateur Division - VFV B,League
416,Belize,BZ,Premier League,League
415,Benin,BJ,Championnat National,League
414,Bermuda,BM,Premier League,League
1031,Bhutan,BT,Premier League,League
964,Bolivia,BO,Copa de la División Profesional,Cup
710,Bolivia,BO,Nacional B,League
344,Bolivia,BO,Primera División,League
1172,Bolivia,BO,Torneo Amistoso de Verano,Cup
316,Bosnia,BA,1st League - FBiH,League
317,Bosnia,BA,1st League - RS,League
314,Bosnia,BA,Cup,Cup
315,Bosnia,BA,Premijer Liga,League
1221,Bosnia,BA,Super Cup,Cup
412,Botswana,BW,Premier League,League
520,Brazil,BR,Acreano,League
77,Brazil,BR,Alagoano,Cup
1146,Brazil,BR,Alagoano - 2,Cup
1110,Brazil,BR,Alagoano U20,League
521,Brazil,BR,Amapaense,League
522,Brazil,BR,Amazonense,League
1134,Brazil,BR,Amazonense - 2,League
602,Brazil,BR,Baiano - 1,League
613,Brazil,BR,Baiano - 2,League
1073,Brazil,BR,Baiano U20,League
1128,Brazil,BR,Brasileiro U17,League
740,Brazil,BR,Brasileiro U20 A,Cup
1183,Brazil,BR,Brasileiro U20 B,Cup
74,Brazil,BR,Brasileiro Women,League
741,Brazil,BR,Brasileiro de Aspirantes,Cup
610,Brazil,BR,Brasiliense,League
1141,Brazil,BR,Brasiliense B,League
1100,Brazil,BR,Brasiliense U20,League
611,Brazil,BR,Capixaba,League
1147,Brazil,BR,Capixaba B,League
624,Brazil,BR,Carioca - 1,League
625,Brazil,BR,Carioca - 2,League
851,Brazil,BR,Carioca A2,League
1155,Brazil,BR,Carioca B2,League
1106,Brazil,BR,Carioca C,League
1114,Brazil,BR,Carioca U20,League
604,Brazil,BR,Catarinense - 1,League
936,Brazil,BR,Catarinense - 2,League
1154,Brazil,BR,Catarinense - 3,League
1076,Brazil,BR,Catarinense U20,League
609,Brazil,BR,Cearense - 1,League
620,Brazil,BR,Cearense - 2,League
1124,Brazil,BR,Cearense - 3,League
1112,Brazil,BR,Cearense U20,League
1063,Brazil,BR,Copa Alagoas,Cup
1225,Brazil,BR,Copa Centro-Oeste,Cup
73,Brazil,BR,Copa Do Brasil,Cup
1097,Brazil,BR,Copa Espírito Santo,Cup
1165,Brazil,BR,Copa Fares Lopes,Cup
1158,Brazil,BR,Copa Gaúcha,Cup
1184,Brazil,BR,Copa Grão Pará,Cup
1223,Brazil,BR,Copa Norte,Cup
742,Brazil,BR,Copa Paulista,Cup
1035,Brazil,BR,Copa Rio,Cup
1082,Brazil,BR,Copa Rio U20,Cup
1036,Brazil,BR,Copa Santa Catarina,Cup
1224,Brazil,BR,Copa Sul-Sudeste,Cup
1179,Brazil,BR,Copa do Brasil U17,Cup
617,Brazil,BR,Copa do Brasil U20,Cup
612,Brazil,BR,Copa do Nordeste,Cup
1143,Brazil,BR,Estadual Junior U20,League
477,Brazil,BR,Gaúcho - 1,League
478,Brazil,BR,Gaúcho - 2,League
1150,Brazil,BR,Gaúcho - 3,League
628,Brazil,BR,Goiano - 1,League
1030,Brazil,BR,Goiano - 2,League
1133,Brazil,BR,Goiano - 3,League
1069,Brazil,BR,Goiano U20,League
1205,Brazil,BR,Kings Cup,Cup
608,Brazil,BR,Maranhense,League
1148,Brazil,BR,Maranhense - 2,League
630,Brazil,BR,Matogrossense,League
1096,Brazil,BR,Matogrossense 2,League
629,Brazil,BR,Mineiro - 1,League
619,Brazil,BR,Mineiro - 2,League
1142,Brazil,BR,Mineiro - 3,League
1107,Brazil,BR,Mineiro U20,League
627,Brazil,BR,Paraense,League
1115,Brazil,BR,Paraense A3,League
1145,Brazil,BR,Paraense B1,League
1157,Brazil,BR,Paraense U20,League
603,Brazil,BR,Paraibano,League
1037,Brazil,BR,Paraibano 2,League
1120,Brazil,BR,Paraibano U20,League
606,Brazil,BR,Paranaense - 1,League
614,Brazil,BR,Paranaense - 2,League
1138,Brazil,BR,Paranaense - 3,League
1071,Brazil,BR,Paranaense U20,League
475,Brazil,BR,Paulista - A1,League
476,Brazil,BR,Paulista - A2,League
605,Brazil,BR,Paulista - A3,League
1062,Brazil,BR,Paulista - A4,League
1086,Brazil,BR,Paulista - U20,League
1098,Brazil,BR,Paulista Série B,League
622,Brazil,BR,Pernambucano - 1,League
1125,Brazil,BR,Pernambucano - 2,League
1151,Brazil,BR,Pernambucano - 3,League
1088,Brazil,BR,Pernambucano - U20,League
621,Brazil,BR,Piauiense,League
1203,Brazil,BR,Piauiense - 2,League
616,Brazil,BR,Potiguar,League
1149,Brazil,BR,Potiguar - 2,League
1139,Brazil,BR,Potiguar - U20,League
1059,Brazil,BR,Recopa Catarinense,Cup
615,Brazil,BR,Rondoniense,League
1204,Brazil,BR,Rondoniense - 2,League
607,Brazil,BR,Roraimense,League
626,Brazil,BR,Sergipano,League
1135,Brazil,BR,Sergipano - 2,League
1108,Brazil,BR,Sergipano U20,League
71,Brazil,BR,Serie A,League
72,Brazil,BR,Serie B,League
75,Brazil,BR,Serie C,League
76,Brazil,BR,Serie D,League
623,Brazil,BR,Sul-Matogrossense,League
632,Brazil,BR,Supercopa do Brasil,Cup
618,Brazil,BR,São Paulo Youth Cup,Cup
631,Brazil,BR,Tocantinense,League
174,Bulgaria,BG,Cup,Cup
172,Bulgaria,BG,First League,League
173,Bulgaria,BG,Second League,League
656,Bulgaria,BG,Super Cup,Cup
175,Bulgaria,BG,Third League - Northeast,League
176,Bulgaria,BG,Third League - Northwest,League
177,Bulgaria,BG,Third League - Southeast,League
178,Bulgaria,BG,Third League - Southwest,League
423,Burkina-Faso,BF,Ligue 1,League
566,Burundi,BI,Ligue A,League
410,Cambodia,KH,C-League,League
1174,Cambodia,KH,Hun Sen Cup,Cup
411,Cameroon,CM,Elite One,League
813,Cameroon,CM,Elite Two,League
1166,Cameroon,CM,Super Cup,Cup
259,Canada,CA,Canadian Championship,Cup
479,Canada,CA,Canadian Premier League,League
258,Canada,CA,Canadian Soccer League,League
923,Canada,CA,League 1 Ontario,League
1182,Canada,CA,Northern Super League,League
260,Canada,CA,Pacific Coast Soccer League,League
267,Chile,CL,Copa Chile,Cup
1220,Chile,CL,Copa De La Liga,Cup
266,Chile,CL,Primera B,League
265,Chile,CL,Primera División,League
711,Chile,CL,Segunda División,League
527,Chile,CL,Super Cup,Cup
171,China,CN,FA Cup,Cup
170,China,CN,League One,League
929,China,CN,League Two,League
972,China,CN,Super Cup,Cup
169,China,CN,Super League,League
589,Chinese-Taipei,TW,Taiwan Football Premier League,League
241,Colombia,CO,Copa Colombia,Cup
712,Colombia,CO,Liga Femenina,League
239,Colombia,CO,Primera A,League
240,Colombia,CO,Primera B,League
713,Colombia,CO,Superliga,Cup
844,Congo,CD,Ligue 1,League
424,Congo-DR,CG,Ligue 1,League
958,Costa-Rica,CR,Copa Costa Rica,Cup
163,Costa-Rica,CR,Liga de Ascenso,League
162,Costa-Rica,CR,Primera División,League
1167,Costa-Rica,CR,Recopa,Cup
864,Costa-Rica,CR,Supercopa,Cup
212,Croatia,HR,Cup,Cup
211,Croatia,HR,First NL,League
210,Croatia,HR,HNL,League
946,Croatia,HR,Second NL,League
1021,Croatia,HR,Super Cup,Cup
213,Croatia,HR,Third NL - Istok,League
214,Croatia,HR,Third NL - Jug,League
215,Croatia,HR,Third NL - Sjever,League
216,Croatia,HR,Third NL - Sredite,League
217,Croatia,HR,Third NL - Zapad,League
907,Cuba,CU,Primera Division,League
642,Curacao,CW,Curaçao Sekshon Pagá,League
318,Cyprus,CY,1. Division,League
319,Cyprus,CY,2. Division,League
320,Cyprus,CY,3. Division,League
321,Cyprus,CY,Cup,Cup
852,Cyprus,CY,Super Cup,Cup
668,Czech-Republic,CZ,1. Liga U19,League
669,Czech-Republic,CZ,1. Liga Women,League
348,Czech-Republic,CZ,3. liga - CFL A,League
685,Czech-Republic,CZ,3. liga - CFL B,League
349,Czech-Republic,CZ,3. liga - MSFL,League
1010,Czech-Republic,CZ,3. liga - Promotion Play-off,League
350,Czech-Republic,CZ,4. liga - Divizie A,League
351,Czech-Republic,CZ,4. liga - Divizie B,League
352,Czech-Republic,CZ,4. liga - Divizie C,League
353,Czech-Republic,CZ,4. liga - Divizie D,League
354,Czech-Republic,CZ,4. liga - Divizie E,League
686,Czech-Republic,CZ,4. liga - Divizie F,League
347,Czech-Republic,CZ,Cup,Cup
345,Czech-Republic,CZ,Czech Liga,League
346,Czech-Republic,CZ,FNL,League
925,Czech-Republic,CZ,Super Cup,Cup
1211,Czech-Republic,CZ,Tipsport Liga,League
120,Denmark,DK,1. Division,League
122,Denmark,DK,2. Division,League
123,Denmark,DK,2nd Division - Group 2,League
862,Denmark,DK,3. Division,League
121,Denmark,DK,DBU Pokalen,Cup
124,Denmark,DK,Denmark Series - Group 1,League
125,Denmark,DK,Denmark Series - Group 2,League
126,Denmark,DK,Denmark Series - Group 3,League
127,Denmark,DK,Denmark Series - Group 4,League
982,Denmark,DK,Denmark Series - Promotion Round,League
983,Denmark,DK,Denmark Series - Relegation Round,League
638,Denmark,DK,Kvindeliga,League
119,Denmark,DK,Superliga,League
1180,Dominican-Republic,DO,Copa LDF,Cup
759,Dominican-Republic,DO,Liga Mayor,League
917,Ecuador,EC,Copa Ecuador,Cup
242,Ecuador,EC,Liga Pro,League
243,Ecuador,EC,Liga Pro Serie B,League
853,Ecuador,EC,Supercopa de Ecuador,Cup
714,Egypt,EG,Cup,Cup
895,Egypt,EG,League Cup,Cup
233,Egypt,EG,Premier League,League
887,Egypt,EG,Second League,League
888,Egypt,EG,Second League - Group B,League
889,Egypt,EG,Second League - Group C,League
1014,Egypt,EG,Second League - Play-offs,League
539,Egypt,EG,Super Cup,Cup
1219,El-Salvador,SV,Copa Presidente,League
370,El-Salvador,SV,Primera Division,League
40,England,GB-ENG,Championship,League
528,England,GB-ENG,Community Shield,Cup
670,England,GB-ENG,Community Shield Women,Cup
46,England,GB-ENG,EFL Trophy,Cup
45,England,GB-ENG,FA Cup,Cup
47,England,GB-ENG,FA Trophy,Cup
44,England,GB-ENG,FA WSL,League
698,England,GB-ENG,FA Women's Cup,Cup
1068,England,GB-ENG,FA Youth Cup,Cup
48,England,GB-ENG,League Cup,Cup
41,England,GB-ENG,League One,League
42,England,GB-ENG,League Two,League
43,England,GB-ENG,National League,League
50,England,GB-ENG,National League - North,League
984,England,GB-ENG,National League - North - Play-offs,League
49,England,GB-ENG,National League - Play-offs,League
51,England,GB-ENG,National League - South,League
985,England,GB-ENG,National League - South - Play-offs,League
1156,England,GB-ENG,National League Cup,Cup
52,England,GB-ENG,Non League Div One - Isthmian North,League
53,England,GB-ENG,Non League Div One - Isthmian South Central,League
57,England,GB-ENG,Non League Div One - Isthmian South East,League
932,England,GB-ENG,Non League Div One - Northern East,League
55,England,GB-ENG,Non League Div One - Northern Midlands,League
54,England,GB-ENG,Non League Div One - Northern West,League
986,England,GB-ENG,Non League Div One - Play-offs,League
933,England,GB-ENG,Non League Div One - Southern Central,League
56,England,GB-ENG,Non League Div One - Southern South,League
58,England,GB-ENG,Non League Premier - Isthmian,League
993,England,GB-ENG,Non League Premier - Isthmian - Play-offs,League
59,England,GB-ENG,Non League Premier - Northern,League
994,England,GB-ENG,Non League Premier - Northern - Play-offs,League
931,England,GB-ENG,Non League Premier - Southern Central,League
996,England,GB-ENG,Non League Premier - Southern Central - Play-offs,League
60,England,GB-ENG,Non League Premier - Southern South,League
995,England,GB-ENG,Non League Premier - Southern South - Play-offs,League
39,England,GB-ENG,Premier League,League
1022,England,GB-ENG,Premier League - Summer Series,League
702,England,GB-ENG,Premier League 2 Division One,League
871,England,GB-ENG,Premier League Cup,Cup
703,England,GB-ENG,Professional Development League,League
987,England,GB-ENG,U18 Premier League - Championship,League
695,England,GB-ENG,U18 Premier League - North,League
696,England,GB-ENG,U18 Premier League - South,League
697,England,GB-ENG,WSL Cup,Cup
699,England,GB-ENG,Women's Championship,League
657,Estonia,EE,Cup,Cup
328,Estonia,EE,Esiliiga A,League
1126,Estonia,EE,Esiliiga B,League
329,Estonia,EE,Meistriliiga,League
847,Eswatini,SZ,Premier League,League
1228,Ethiopia,ET,Ethiopia Cup,Cup
363,Ethiopia,ET,Premier League,League
366,Faroe-Islands,FO,1. Deild,League
491,Faroe-Islands,FO,Løgmanssteypid,Cup
367,Faroe-Islands,FO,Meistaradeildin,League
1177,Faroe-Islands,FO,Super Cup,Cup
376,Fiji,FJ,National Football League,League
247,Finland,FI,Kakkonen - Lohko A,League
248,Finland,FI,Kakkonen - Lohko B,League
249,Finland,FI,Kakkonen - Lohko C,League
1052,Finland,FI,Kakkonen - Play-offs,League
700,Finland,FI,Kakkosen Cup,Cup
640,Finland,FI,Kansallinen Liiga,League
899,Finland,FI,League Cup,Cup
246,Finland,FI,Suomen Cup,Cup
244,Finland,FI,Veikkausliiga,League
245,Finland,FI,Ykkönen,League
901,Finland,FI,Ykköscup,Cup
1087,Finland,FI,Ykkösliiga,League
66,France,FR,Coupe de France,Cup
65,France,FR,Coupe de la Ligue,Cup
64,France,FR,Feminine Division 1,League
61,France,FR,Ligue 1,League
62,France,FR,Ligue 2,League
63,France,FR,National 1,League
67,France,FR,National 2 - Group A,League
68,France,FR,National 2 - Group B,League
69,France,FR,National 2 - Group C,League
70,France,FR,National 2 - Group D,League
461,France,FR,National 3 - Group A,League
462,France,FR,National 3 - Group B,League
463,France,FR,National 3 - Group C,League
464,France,FR,National 3 - Group D,League
465,France,FR,National 3 - Group E,League
466,France,FR,National 3 - Group F,League
1029,France,FR,National 3 - Group G,League
467,France,FR,National 3 - Group H,League
468,France,FR,National 3 - Group I,League
469,France,FR,National 3 - Group J,League
470,France,FR,National 3 - Group K,League
471,France,FR,National 3 - Group L,League
472,France,FR,National 3 - Group M,League
526,France,FR,Trophée des Champions,Cup
968,Gabon,GA,Championnat D1,League
845,Gambia,GM,GFA League,League
672,Georgia,GE,David Kipiani Cup,Cup
327,Georgia,GE,Erovnuli Liga,League
326,Georgia,GE,Erovnuli Liga 2,League
1104,Georgia,GE,Liga 3,League
530,Georgia,GE,Super Cup,Cup
79,Germany,DE,2. Bundesliga,League
1034,Germany,DE,2. Frauen Bundesliga,League
80,Germany,DE,3. Liga,League
78,Germany,DE,Bundesliga,League
715,Germany,DE,DFB Junioren Pokal,Cup
81,Germany,DE,DFB Pokal,Cup
947,Germany,DE,DFB Pokal - Women,Cup
82,Germany,DE,Frauen Bundesliga,League
753,Germany,DE,Oberliga - Baden-Württemberg,League
938,Germany,DE,Oberliga - Bayern Nord,League
939,Germany,DE,Oberliga - Bayern Süd,League
749,Germany,DE,Oberliga - Bremen,League
745,Germany,DE,Oberliga - Hamburg,League
750,Germany,DE,Oberliga - Hessen,League
746,Germany,DE,Oberliga - Mittelrhein,League
751,Germany,DE,Oberliga - Niederrhein,League
748,Germany,DE,Oberliga - Niedersachsen,League
754,Germany,DE,Oberliga - Nordost-Nord,League
755,Germany,DE,Oberliga - Nordost-Süd,League
988,Germany,DE,Oberliga - Promotion Round,League
989,Germany,DE,Oberliga - Relegation Round,League
752,Germany,DE,Oberliga - Rheinland-Pfalz / Saar,League
744,Germany,DE,Oberliga - Schleswig-Holstein,League
747,Germany,DE,Oberliga - Westfalen,League
83,Germany,DE,Regionalliga - Bayern,League
84,Germany,DE,Regionalliga - Nord,League
85,Germany,DE,Regionalliga - Nordost,League
1002,Germany,DE,Regionalliga - Promotion Play-offs,League
1003,Germany,DE,Regionalliga - Relegation Round,League
86,Germany,DE,Regionalliga - SudWest,League
87,Germany,DE,Regionalliga - West,League
529,Germany,DE,Super Cup,Cup
1137,Germany,DE,Supercup der Frauen,League
488,Germany,DE,U19 Bundesliga,League
966,Ghana,GH,Cup,Cup
1196,Ghana,GH,Division One League,League
570,Ghana,GH,Premier League,League
1144,Ghana,GH,Super Cup,Cup
758,Gibraltar,GI,Premier Division,League
837,Gibraltar,GI,Rock Cup,Cup
1042,Gibraltar,GI,Super Cup,Cup
199,Greece,GR,Cup,Cup
198,Greece,GR,Football League,League
576,Greece,GR,Gamma Ethniki - Group 1,League
694,Greece,GR,Gamma Ethniki - Group 10,League
577,Greece,GR,Gamma Ethniki - Group 2,League
578,Greece,GR,Gamma Ethniki - Group 3,League
579,Greece,GR,Gamma Ethniki - Group 4,League
580,Greece,GR,Gamma Ethniki - Group 5,League
581,Greece,GR,Gamma Ethniki - Group 6,League
582,Greece,GR,Gamma Ethniki - Group 7,League
583,Greece,GR,Gamma Ethniki - Group 8,League
693,Greece,GR,Gamma Ethniki - Group 9,League
990,Greece,GR,Gamma Ethniki - Promotion Group,League
1099,Greece,GR,Gamma Ethniki - Relegation Play-offs,League
1210,Greece,GR,Super Cup,Cup
197,Greece,GR,Super League 1,League
494,Greece,GR,Super League 2,League
1080,Grenada,GD,Premier Division,League
377,Guadeloupe,GP,Division d'Honneur,League
339,Guatemala,GT,Liga Nacional,League
338,Guatemala,GT,Primera Division,League
378,Guinea,GN,Ligue 1,League
379,Haiti,HT,Ligue Haïtienne,League
234,Honduras,HN,Liga Nacional,League
544,Hong-Kong,HK,FA Cup,Cup
1209,Hong-Kong,HK,Guangdong - Hong Kong Cup,Cup
381,Hong-Kong,HK,HKFA 1st Division,League
1051,Hong-Kong,HK,HKPL Cup,Cup
1199,Hong-Kong,HK,League Cup,Cup
380,Hong-Kong,HK,Premier League,League
1160,Hong-Kong,HK,Sapling Cup,Cup
716,Hong-Kong,HK,Senior Shield,Cup
273,Hungary,HU,Magyar Kupa,Cup
271,Hungary,HU,NB I,League
272,Hungary,HU,NB II,League
633,Hungary,HU,NB III - Northeast,League
635,Hungary,HU,NB III - Northwest,League
1111,Hungary,HU,NB III - Promotion Play-offs,League
1023,Hungary,HU,NB III - Southeast,League
634,Hungary,HU,NB III - Southwest,League
165,Iceland,IS,1. Deild,League
166,Iceland,IS,2. Deild,League
167,Iceland,IS,Cup,Cup
815,Iceland,IS,Fotbolti.net Cup A,Cup
168,Iceland,IS,League Cup,Cup
814,Iceland,IS,Reykjavik Cup,Cup
639,Iceland,IS,Super Cup,Cup
164,Iceland,IS,Úrvalsdeild,League
671,Iceland,IS,Úrvalsdeild Women,League
545,India,IN,AIFF Super Cup,Cup
1020,India,IN,Calcutta Premier Division,League
324,India,IN,I-League,League
717,India,IN,I-League - 2nd Division,League
1201,India,IN,IFA Shield,Cup
323,India,IN,Indian Super League,League
325,India,IN,Santosh Trophy,Cup
274,Indonesia,ID,Liga 1,League
275,Indonesia,ID,Liga 2,League
718,Indonesia,ID,Piala Indonesia,Cup
924,Indonesia,ID,Piala Presiden,Cup
291,Iran,IR,Azadegan League,League
495,Iran,IR,Hazfi Cup,Cup
290,Iran,IR,Persian Gulf Pro League,League
905,Iran,IR,Super Cup,Cup
542,Iraq,IQ,Iraqi League,League
359,Ireland,IE,FAI Cup,Cup
546,Ireland,IE,FAI President's Cup,Cup
358,Ireland,IE,First Division,League
360,Ireland,IE,League Cup,Cup
357,Ireland,IE,Premier Division,League
1175,Ireland,IE,Women's President's Cup,Cup
496,Israel,IL,Liga Alef,League
382,Israel,IL,Liga Leumit,League
383,Israel,IL,Ligat Ha'al,League
384,Israel,IL,State Cup,Cup
659,Israel,IL,Super Cup,Cup
385,Israel,IL,Toto Cup Ligat Al,Cup
705,Italy,IT,Campionato Primavera - 1,League
706,Italy,IT,Campionato Primavera - 2,League
137,Italy,IT,Coppa Italia,Cup
704,Italy,IT,Coppa Italia Primavera,Cup
891,Italy,IT,Coppa Italia Serie C,Cup
892,Italy,IT,Coppa Italia Serie D,Cup
1171,Italy,IT,Coppa Italia Women,Cup
135,Italy,IT,Serie A,League
1198,Italy,IT,Serie A Cup Women,Cup
139,Italy,IT,Serie A Women,League
136,Italy,IT,Serie B,League
138,Italy,IT,Serie C - Girone A,League
942,Italy,IT,Serie C - Girone B,League
943,Italy,IT,Serie C - Girone C,League
976,Italy,IT,Serie C - Promotion - Play-offs,League
975,Italy,IT,Serie C - Relegation - Play-offs,League
974,Italy,IT,Serie C - Supercoppa Lega Finals,League
999,Italy,IT,Serie D - Championship Round,League
426,Italy,IT,Serie D - Girone A,League
427,Italy,IT,Serie D - Girone B,League
428,Italy,IT,Serie D - Girone C,League
429,Italy,IT,Serie D - Girone D,League
430,Italy,IT,Serie D - Girone E,League
431,Italy,IT,Serie D - Girone F,League
432,Italy,IT,Serie D - Girone G,League
433,Italy,IT,Serie D - Girone H,League
434,Italy,IT,Serie D - Girone I,League
997,Italy,IT,Serie D - Promotion - Play-offs,League
998,Italy,IT,Serie D - Relegation - Play-offs,League
547,Italy,IT,Super Cup,Cup
817,Italy,IT,Super Cup Primavera,Cup
386,Ivory-Coast,CI,Ligue 1,League
322,Jamaica,JM,Premier League,League
102,Japan,JP,Emperor Cup,Cup
101,Japan,JP,J-League Cup,Cup
98,Japan,JP,J1 League,League
99,Japan,JP,J2/J3 League,League
100,Japan,JP,J3 League,League
497,Japan,JP,Japan Football League,League
548,Japan,JP,Super Cup,Cup
854,Japan,JP,WE League,League
863,Jordan,JO,Cup,Cup
387,Jordan,JO,League,League
816,Jordan,JO,Shield Cup,Cup
838,Jordan,JO,Super Cup,Cup
388,Kazakhstan,KZ,1. Division,League
498,Kazakhstan,KZ,Cup,Cup
389,Kazakhstan,KZ,Premier League,League
818,Kazakhstan,KZ,Super Cup,Cup
276,Kenya,KE,FKF Premier League,League
1193,Kenya,KE,Super Cup,Cup
277,Kenya,KE,Super League,League
665,Kosovo,XK,Cup,Cup
1195,Kosovo,XK,Liga E Pare,League
819,Kosovo,XK,Super Cup,Cup
664,Kosovo,XK,Superliga,League
820,Kuwait,KW,Crown Prince Cup,Cup
331,Kuwait,KW,Division 1,League
720,Kuwait,KW,Emir Cup,Cup
330,Kuwait,KW,Premier League,League
719,Kuwait,KW,Super Cup,Cup
569,Kyrgyzstan,KG,Premier League,League
647,Laos,LA,Lao League,League
364,Latvia,LV,1. Liga,League
658,Latvia,LV,Cup,Cup
1176,Latvia,LV,Super Cup,Cup
365,Latvia,LV,Virsliga,League
967,Lebanon,LB,Cup,Cup
1018,Lebanon,LB,Federation Cup,Cup
390,Lebanon,LB,Premier League,League
962,Lesotho,LS,Premier League,League
760,Liberia,LR,LFA First Division,League
584,Libya,LY,Premier League,League
761,Liechtenstein,LI,Cup,Cup
361,Lithuania,LT,1 Lyga,League
362,Lithuania,LT,A Lyga,League
661,Lithuania,LT,Cup,Cup
839,Lithuania,LT,Super Cup,Cup
721,Luxembourg,LU,Cup,Cup
261,Luxembourg,LU,National Division,League
969,Macao,MO,Primeira Divisão,League
756,Macedonia,MK,Cup,Cup
371,Macedonia,MK,First League,League
372,Macedonia,MK,Second League,League
391,Malawi,MW,Super League,League
500,Malaysia,MY,FA Cup,Cup
1170,Malaysia,MY,MFL Cup,Cup
499,Malaysia,MY,Malaysia Cup,Cup
279,Malaysia,MY,Premier League,League
278,Malaysia,MY,Super League,League
855,Maldives,MV,Dhivehi Premier League,League
598,Mali,ML,Première Division,League
1173,Malta,MT,Challenge Cup,Cup
392,Malta,MT,Challenge League,League
821,Malta,MT,FA Trophy,Cup
393,Malta,MT,Premier League,League
1050,Malta,MT,Super Cup,Cup
762,Mauritania,MR,Premier League,League
763,Mauritius,MU,Mauritian League,League
857,Mexico,MX,Campeón de Campeones,Cup
264,Mexico,MX,Copa MX,Cup
662,Mexico,MX,Copa por México,Cup
262,Mexico,MX,Liga MX,League
673,Mexico,MX,Liga MX Femenil,League
1200,Mexico,MX,Liga MX U21,League
722,Mexico,MX,Liga Premier Serie A,League
872,Mexico,MX,Liga Premier Serie B,League
263,Mexico,MX,Liga de Expansión MX,League
861,Mexico,MX,U20 League,League
1017,Mexico,MX,U23 League,League
674,Moldova,MD,Cupa,Cup
395,Moldova,MD,Liga 1,League
394,Moldova,MD,Super Liga,League
764,Mongolia,MN,Premier League,League
1131,Mongolia,MN,Super Cup,League
723,Montenegro,ME,Cup,Cup
355,Montenegro,ME,First League,League
356,Montenegro,ME,Second League,League
201,Morocco,MA,Botola 2,League
200,Morocco,MA,Botola Pro,League
822,Morocco,MA,Cup,Cup
588,Myanmar,MM,National League,League
409,Namibia,NA,Premier League,League
590,Nepal,NP,A Division,League
1004,Netherlands,NL,Derde Divisie - Relegation Round,League
92,Netherlands,NL,Derde Divisie - Saturday,League
93,Netherlands,NL,Derde Divisie - Sunday,League
89,Netherlands,NL,Eerste Divisie,League
88,Netherlands,NL,Eredivisie,League
91,Netherlands,NL,Eredivisie Women,League
90,Netherlands,NL,KNVB Beker,Cup
883,Netherlands,NL,Reserve League,League
543,Netherlands,NL,Super Cup,Cup
1190,Netherlands,NL,Super Cup Women,Cup
492,Netherlands,NL,Tweede Divisie,League
724,Netherlands,NL,U18 Divisie 1,League
1152,Netherlands,NL,U19 Divisie 1,League
675,Netherlands,NL,U21 Divisie 1,League
1127,New-Zealand,NZ,Chatham Cup,Cup
954,New-Zealand,NZ,National League - Central,League
1056,New-Zealand,NZ,National League - Championship - Final,League
955,New-Zealand,NZ,National League - National,League
956,New-Zealand,NZ,National League - Northern,League
957,New-Zealand,NZ,National League - Southern,League
1187,Nicaragua,NI,Copa Nicaragua,Cup
565,Nicaragua,NI,Liga Primera U20,League
396,Nicaragua,NI,Primera Division,League
399,Nigeria,NG,NPFL,League
407,Northern-Ireland,GB-NIR,Championship,League
1019,Northern-Ireland,GB-NIR,Charity Shield,Cup
757,Northern-Ireland,GB-NIR,Irish Cup,Cup
559,Northern-Ireland,GB-NIR,League Cup,Cup
561,Northern-Ireland,GB-NIR,Premier Intermediate League,League
408,Northern-Ireland,GB-NIR,Premiership,League
1103,Northern-Ireland,GB-NIR,Premiership Women,League
104,Norway,NO,1. Division,League
915,Norway,NO,1. Division Women,League
473,Norway,NO,2. Division - Group 1,League
474,Norway,NO,2. Division - Group 2,League
1054,Norway,NO,2. Division - Play-offs,League
774,Norway,NO,3. Division - Girone 1,League
775,Norway,NO,3. Division - Girone 2,League
776,Norway,NO,3. Division - Girone 3,League
777,Norway,NO,3. Division - Girone 4,League
778,Norway,NO,3. Division - Girone 5,League
779,Norway,NO,3. Division - Girone 6,League
103,Norway,NO,Eliteserien,League
105,Norway,NO,NM Cupen,Cup
823,Norway,NO,Nasjonal U19 Champions League,Cup
1215,Norway,NO,Obos Supercup,Cup
557,Norway,NO,Super Cup,Cup
725,Norway,NO,Toppserien,League
1197,Oman,OM,FA Cup,Cup
406,Oman,OM,Professional League,League
726,Oman,OM,Sultan Cup,Cup
944,Oman,OM,Super Cup,Cup
868,Pakistan,PK,Premier League,League
586,Palestine,PS,West Bank Premier League,League
304,Panama,PA,Liga Panameña de Fútbol,League
501,Paraguay,PY,Copa Paraguay,Cup
251,Paraguay,PY,Division Intermedia,League
250,Paraguay,PY,Division Profesional - Apertura,League
252,Paraguay,PY,Division Profesional - Clausura,League
961,Paraguay,PY,Supercopa,Cup
502,Peru,PE,Copa Bicentenario,Cup
503,Peru,PE,Copa Perú,Cup
281,Peru,PE,Primera División,League
282,Peru,PE,Segunda División,League
558,Peru,PE,Supercopa,Cup
867,Philippines,PH,Copa Paulino Alcantara,League
765,Philippines,PH,PFL,League
676,Poland,PL,Central Youth League,League
108,Poland,PL,Cup,Cup
106,Poland,PL,Ekstraklasa,League
1033,Poland,PL,Ekstraliga Women,League
107,Poland,PL,I Liga,League
109,Poland,PL,II Liga - East,League
780,Poland,PL,III Liga - Group 1,League
781,Poland,PL,III Liga - Group 2,League
782,Poland,PL,III Liga - Group 3,League
783,Poland,PL,III Liga - Group 4,League
727,Poland,PL,Super Cup,Cup
948,Portugal,PT,1a Divisão - Women,League
457,Portugal,PT,Campeonato de Portugal Prio - Group A,League
458,Portugal,PT,Campeonato de Portugal Prio - Group B,League
459,Portugal,PT,Campeonato de Portugal Prio - Group C,League
460,Portugal,PT,Campeonato de Portugal Prio - Group D,League
681,Portugal,PT,Campeonato de Portugal Prio - Group E,League
682,Portugal,PT,Campeonato de Portugal Prio - Group F,League
683,Portugal,PT,Campeonato de Portugal Prio - Group G,League
684,Portugal,PT,Campeonato de Portugal Prio - Group H,League
991,Portugal,PT,Campeonato de Portugal Prio - Promotion Round,League
1041,Portugal,PT,Júniores U19,League
865,Portugal,PT,Liga 3,League
701,Portugal,PT,Liga Revelação U23,League
94,Portugal,PT,Primeira Liga,League
95,Portugal,PT,Segunda Liga,League
550,Portugal,PT,Super Cup,Cup
840,Portugal,PT,Taça Revelação U23,Cup
97,Portugal,PT,Taça da Liga,Cup
96,Portugal,PT,Taça de Portugal,Cup
824,Qatar,QA,Emir Cup,Cup
841,Qatar,QA,QFA Cup,Cup
677,Qatar,QA,QSL Cup,Cup
825,Qatar,QA,Qatar Cup,Cup
306,Qatar,QA,Second Division,League
305,Qatar,QA,Stars League,League
285,Romania,RO,Cupa României,Cup
728,Romania,RO,Liga 1 Feminin,League
283,Romania,RO,Liga I,League
284,Romania,RO,Liga II,League
1009,Romania,RO,Liga III - Play-offs,League
784,Romania,RO,Liga III - Serie 1,League
793,Romania,RO,Liga III - Serie 10,League
785,Romania,RO,Liga III - Serie 2,League
786,Romania,RO,Liga III - Serie 3,League
787,Romania,RO,Liga III - Serie 4,League
788,Romania,RO,Liga III - Serie 5,League
789,Romania,RO,Liga III - Serie 6,League
790,Romania,RO,Liga III - Serie 7,League
791,Romania,RO,Liga III - Serie 8,League
792,Romania,RO,Liga III - Serie 9,League
555,Romania,RO,Supercupa,Cup
237,Russia,RU,Cup,Cup
236,Russia,RU,First League,League
235,Russia,RU,Premier League,League
651,Russia,RU,Second League - Group 1,League
652,Russia,RU,Second League - Group 2,League
650,Russia,RU,Second League - Group 3,League
653,Russia,RU,Second League - Group 4,League
1025,Russia,RU,Second League A - Division A Gold,League
1026,Russia,RU,Second League A - Division A Silver,League
1121,Russia,RU,Second League A - Promotion Play-offs,League
1061,Russia,RU,Second League A - Spring Season Gold,League
1064,Russia,RU,Second League A - Spring Season Silver,League
663,Russia,RU,Super Cup,Cup
649,Russia,RU,Supreme Division Women,League
238,Russia,RU,Youth Championship,League
405,Rwanda,RW,National Soccer League,League
404,San-Marino,SM,Campionato,League
729,San-Marino,SM,Coppa Titano,Cup
884,San-Marino,SM,Super Cup,Cup
827,Saudi-Arabia,SA,Crown Prince Cup,Cup
308,Saudi-Arabia,SA,Division 1,League
309,Saudi-Arabia,SA,Division 2,League
504,Saudi-Arabia,SA,King's Cup,Cup
1227,Saudi-Arabia,SA,Premier League Women,League
307,Saudi-Arabia,SA,Pro League,League
826,Saudi-Arabia,SA,Super Cup,Cup
182,Scotland,GB-SCT,Challenge Cup,Cup
180,Scotland,GB-SCT,Championship,League
181,Scotland,GB-SCT,FA Cup,Cup
992,Scotland,GB-SCT,Football League - Championship,League
730,Scotland,GB-SCT,Football League - Highland League,League
731,Scotland,GB-SCT,Football League - Lowland League,League
185,Scotland,GB-SCT,League Cup,Cup
183,Scotland,GB-SCT,League One,League
184,Scotland,GB-SCT,League Two,League
179,Scotland,GB-SCT,Premiership,League
1078,Scotland,GB-SCT,SWF Scottish Cup,Cup
1074,Scotland,GB-SCT,SWPL Cup,Cup
403,Senegal,SN,Ligue 1,League
732,Serbia,RS,Cup,Cup
287,Serbia,RS,Prva Liga,League
572,Serbia,RS,Srpska Liga - Belgrade,League
574,Serbia,RS,Srpska Liga - East,League
573,Serbia,RS,Srpska Liga - Vojvodina,League
575,Serbia,RS,Srpska Liga - West,League
286,Serbia,RS,Super Liga,League
959,Singapore,SG,Cup,Cup
505,Singapore,SG,League Cup,Cup
368,Singapore,SG,Premier League,League
506,Slovakia,SK,2. liga,League
643,Slovakia,SK,3. liga - Bratislava,League
646,Slovakia,SK,3. liga - Center,League
645,Slovakia,SK,3. liga - East,League
1185,Slovakia,SK,3. liga - Play-offs,League
644,Slovakia,SK,3. liga - West,League
680,Slovakia,SK,Cup,Cup
733,Slovakia,SK,I Liga - Women,League
332,Slovakia,SK,Super Liga,League
373,Slovenia,SI,1. SNL,League
374,Slovenia,SI,2. SNL,League
794,Slovenia,SI,3. SNL - East,League
795,Slovenia,SI,3. SNL - West,League
375,Slovenia,SI,Cup,Cup
846,Somalia,SO,Somali Premier League,League
289,South-Africa,ZA,1st Division,League
509,South-Africa,ZA,8 Cup,Cup
507,South-Africa,ZA,Cup,Cup
734,South-Africa,ZA,Diski Challenge,League
935,South-Africa,ZA,Diski Shield,Cup
508,South-Africa,ZA,League Cup,Cup
288,South-Africa,ZA,Premier Soccer League,League
294,South-Korea,KR,FA Cup,Cup
292,South-Korea,KR,K League 1,League
293,South-Korea,KR,K League 2,League
295,South-Korea,KR,K3 League,League
660,South-Korea,KR,WK-League,League
735,Spain,ES,Copa Federacion,Cup
143,Spain,ES,Copa del Rey,Cup
140,Spain,ES,La Liga,League
142,Spain,ES,Primera División Femenina,League
435,Spain,ES,Primera División RFEF - Group 1,League
436,Spain,ES,Primera División RFEF - Group 2,League
437,Spain,ES,Primera División RFEF - Group 3,League
438,Spain,ES,Primera División RFEF - Group 4,League
692,Spain,ES,Primera División RFEF - Group 5,League
1006,Spain,ES,Primera División RFEF - Play Offs,League
141,Spain,ES,Segunda División,League
875,Spain,ES,Segunda División RFEF - Group 1,League
876,Spain,ES,Segunda División RFEF - Group 2,League
877,Spain,ES,Segunda División RFEF - Group 3,League
878,Spain,ES,Segunda División RFEF - Group 4,League
879,Spain,ES,Segunda División RFEF - Group 5,League
1000,Spain,ES,Segunda División RFEF - Play-offs,League
556,Spain,ES,Super Cup,Cup
1058,Spain,ES,Supercopa Femenina,Cup
439,Spain,ES,Tercera División RFEF - Group 1,League
448,Spain,ES,Tercera División RFEF - Group 10,League
449,Spain,ES,Tercera División RFEF - Group 11,League
450,Spain,ES,Tercera División RFEF - Group 12,League
451,Spain,ES,Tercera División RFEF - Group 13,League
452,Spain,ES,Tercera División RFEF - Group 14,League
453,Spain,ES,Tercera División RFEF - Group 15,League
454,Spain,ES,Tercera División RFEF - Group 16,League
455,Spain,ES,Tercera División RFEF - Group 17,League
456,Spain,ES,Tercera División RFEF - Group 18,League
440,Spain,ES,Tercera División RFEF - Group 2,League
441,Spain,ES,Tercera División RFEF - Group 3,League
442,Spain,ES,Tercera División RFEF - Group 4,League
443,Spain,ES,Tercera División RFEF - Group 5,League
444,Spain,ES,Tercera División RFEF - Group 6,League
445,Spain,ES,Tercera División RFEF - Group 7,League
446,Spain,ES,Tercera División RFEF - Group 8,League
447,Spain,ES,Tercera División RFEF - Group 9,League
977,Spain,ES,Tercera División RFEF - Promotion - Play-offs,League
402,Sudan,SD,Sudani Premier League,League
568,Suriname,SR,Eerste Divisie,League
113,Sweden,SE,Allsvenskan,League
549,Sweden,SE,Damallsvenskan,League
592,Sweden,SE,Division 2 - Norra Götaland,League
593,Sweden,SE,Division 2 - Norra Svealand,League
594,Sweden,SE,Division 2 - Norrland,League
1053,Sweden,SE,Division 2 - Play-offs,League
595,Sweden,SE,Division 2 - Södra Svealand,League
596,Sweden,SE,Division 2 - Västra Götaland,League
597,Sweden,SE,Division 2 - Östra Götaland,League
736,Sweden,SE,Elitettan,League
563,Sweden,SE,Ettan - Norra,League
1055,Sweden,SE,Ettan - Relegation Round,League
564,Sweden,SE,Ettan - Södra,League
114,Sweden,SE,Superettan,League
115,Sweden,SE,Svenska Cupen,Cup
737,Sweden,SE,Svenska Cupen - Women,Cup
599,Switzerland,CH,1. Liga Classic - Group 1,League
600,Switzerland,CH,1. Liga Classic - Group 2,League
601,Switzerland,CH,1. Liga Classic - Group 3,League
1005,Switzerland,CH,1. Liga Classic - Play-offs,League
510,Switzerland,CH,1. Liga Promotion,League
796,Switzerland,CH,2. Liga Interregional - Group 1,League
797,Switzerland,CH,2. Liga Interregional - Group 2,League
798,Switzerland,CH,2. Liga Interregional - Group 3,League
799,Switzerland,CH,2. Liga Interregional - Group 4,League
800,Switzerland,CH,2. Liga Interregional - Group 5,League
801,Switzerland,CH,2. Liga Interregional - Group 6,League
739,Switzerland,CH,AXA Women’s Super League,League
208,Switzerland,CH,Challenge League,League
1044,Switzerland,CH,Erste Liga Cup,Cup
209,Switzerland,CH,Schweizer Cup,Cup
207,Switzerland,CH,Super League,League
425,Syria,SY,Premier League,League
571,Tajikistan,TJ,Vysshaya Liga,League
567,Tanzania,TZ,Ligi kuu Bara,League
298,Thailand,TH,FA Cup,Cup
898,Thailand,TH,League Cup,Cup
873,Thailand,TH,Thai Champions Cup,Cup
296,Thailand,TH,Thai League 1,League
297,Thailand,TH,Thai League 2,League
1084,Togo,TG,Championnat National,League
591,Trinidad-And-Tobago,TT,Pro League,League
511,Tunisia,TN,Cup,Cup
202,Tunisia,TN,Ligue 1,League
828,Tunisia,TN,Ligue 2,League
1194,Tunisia,TN,Super Cup,Cup
204,Turkey,TR,1. Lig,League
205,Turkey,TR,2. Lig,League
552,Turkey,TR,3. Lig - Group 1,League
553,Turkey,TR,3. Lig - Group 2,League
554,Turkey,TR,3. Lig - Group 3,League
1027,Turkey,TR,3. Lig - Group 4,League
1007,Turkey,TR,3. Lig - Play-offs,League
551,Turkey,TR,Super Cup,Cup
203,Turkey,TR,Süper Lig,League
206,Turkey,TR,Türkiye Kupası,Cup
829,Turkmenistan,TM,Youth League,League
636,Turkmenistan,TM,Ýokary Liga,League
866,USA,US,MLS All-Star,Cup
909,USA,US,MLS Next Pro,League
253,USA,US,Major League Soccer,League
523,USA,US,NISA,League
1118,USA,US,NPSL,League
1119,USA,US,NWSL - Liga MXF Summer Cup,League
254,USA,US,NWSL Women,League
641,USA,US,NWSL Women - Challenge Cup,Cup
257,USA,US,US Open Cup,Cup
255,USA,US,USL Championship,League
489,USA,US,USL League One,League
1095,USA,US,USL League One Cup,League
256,USA,US,USL League Two,League
1130,USA,US,USL Super League,League
1117,USA,US,USL W League,League
1116,USA,US,WPSL,League
585,Uganda,UG,Premier League,League
335,Ukraine,UA,Cup,Cup
336,Ukraine,UA,Druha Liga,League
337,Ukraine,UA,Druha Liga - Group B,League
334,Ukraine,UA,Persha Liga,League
333,Ukraine,UA,Premier League,League
678,Ukraine,UA,Super Cup,Cup
1065,Ukraine,UA,U19 League,League
679,Ukraine,UA,U21 League,League
303,United-Arab-Emirates,AE,Division 1,League
302,United-Arab-Emirates,AE,League Cup,Cup
560,United-Arab-Emirates,AE,Presidents Cup,Cup
301,United-Arab-Emirates,AE,Pro League,League
1218,United-Arab-Emirates,AE,Pro League U23,League
896,United-Arab-Emirates,AE,Super Cup,Cup
1212,Uruguay,UY,Copa De La Liga Auf,Cup
930,Uruguay,UY,Copa Uruguay,Cup
268,Uruguay,UY,Primera División - Apertura,League
270,Uruguay,UY,Primera División - Clausura,League
269,Uruguay,UY,Segunda División,League
842,Uruguay,UY,Super Copa,Cup
802,Uzbekistan,UZ,Cup,Cup
1075,Uzbekistan,UZ,Pro League A,League
830,Uzbekistan,UZ,Super Cup,Cup
369,Uzbekistan,UZ,Super League,League
1113,Venezuela,VE,Copa Venezuela,Cup
299,Venezuela,VE,Primera División,League
300,Venezuela,VE,Segunda División,League
1181,Venezuela,VE,Supercopa,Cup
341,Vietnam,VN,Cup,Cup
831,Vietnam,VN,Super Cup,Cup
340,Vietnam,VN,V.League 1,League
637,Vietnam,VN,V.League 2,League
111,Wales,GB-WLS,FAW Championship,League
738,Wales,GB-WLS,League Cup,Cup
110,Wales,GB-WLS,Premier League,League
112,Wales,GB-WLS,Welsh Cup,Cup
807,World,,AFC Challenge Cup,Cup
1132,World,,AFC Challenge League,Cup
17,World,,AFC Champions League Elite,Cup
18,World,,AFC Champions League Two,Cup
1012,World,,AFC U17 Asian Cup,Cup
1161,World,,AFC U17 Asian Cup - Qualification,Cup
1101,World,,AFC U17 Asian Cup - Women,Cup
965,World,,AFC U20 Asian Cup,Cup
1153,World,,AFC U20 Asian Cup - Qualification,Cup
1070,World,,AFC U20 Asian Cup - Women,Cup
532,World,,AFC U23 Asian Cup,Cup
952,World,,AFC U23 Asian Cup - Qualification,Cup
1140,World,,AFC Women's Champions League,Cup
1162,World,,AGCFF Gulf Champions League,Cup
24,World,,ASEAN Championship,Cup
928,World,,ASEAN Championship U19,Cup
908,World,,ASEAN Championship U23,Cup
1129,World,,ASEAN Club Championship,Cup
6,World,,Africa Cup of Nations,Cup
36,World,,Africa Cup of Nations - Qualification,Cup
922,World,,Africa Cup of Nations - Women,Cup
538,World,,Africa Cup of Nations U20,Cup
953,World,,Africa U23 Cup of Nations - Qualification,Cup
1043,World,,African Football League,Cup
19,World,,African Nations Championship,Cup
1163,World,,African Nations Championship - Qualification,Cup
902,World,,Algarve Cup,Cup
1072,World,,All Africa Games,Cup
1013,World,,All-Island Cup - Women,Cup
934,World,,Arab Championship - U20,Cup
768,World,,Arab Club Champions Cup,Cup
860,World,,Arab Cup,Cup
1208,World,,Arabian Gulf Cup U23,Cup
1189,World,,Asean Championship Women,Cup
7,World,,Asian Cup,Cup
35,World,,Asian Cup - Qualification,Cup
897,World,,Asian Cup Women,Cup
894,World,,Asian Cup Women - Qualification,Cup
803,World,,Asian Games,Cup
849,World,,Baltic Cup,Cup
1016,World,,CAC Games,Cup
12,World,,CAF Champions League,Cup
20,World,,CAF Confederation Cup,Cup
973,World,,CAF Cup of Nations - U17,Cup
533,World,,CAF Super Cup,Cup
1015,World,,CAF U23 Cup of Nations,Cup
1164,World,,CAF Women's Champions League,Cup
1008,World,,CAFA Nations Cup,Cup
869,World,,CECAFA Club Cup,Cup
535,World,,CECAFA Senior Challenge Cup,Cup
1159,World,,CECAFA U20 Championship,Cup
856,World,,CONCACAF Caribbean Club Championship,Cup
534,World,,CONCACAF Caribbean Club Shield,Cup
1028,World,,CONCACAF Central American Cup,Cup
16,World,,CONCACAF Champions League,Cup
22,World,,CONCACAF Gold Cup,Cup
858,World,,CONCACAF Gold Cup - Qualification,Cup
1046,World,,CONCACAF Gold Cup - Qualification - Women,Cup
1057,World,,CONCACAF Gold Cup - Women,Cup
767,World,,CONCACAF League,Cup
536,World,,CONCACAF Nations League,Cup
808,World,,CONCACAF Nations League - Qualification,Cup
1207,World,,CONCACAF Series,Cup
963,World,,CONCACAF U17,Cup
537,World,,CONCACAF U20,Cup
1066,World,,CONCACAF U20 - Qualification,Cup
1136,World,,CONCACAF W Champions Cup,Cup
912,World,,CONCACAF Women U17,Cup
1001,World,,CONCACAF Women U20,Cup
1060,World,,CONMEBOL - Pre-Olympic Tournament,Cup
970,World,,CONMEBOL - U17,Cup
1081,World,,CONMEBOL - U17 Femenino,Cup
913,World,,CONMEBOL - UEFA Finalissima,Cup
13,World,,CONMEBOL Libertadores,Cup
949,World,,CONMEBOL Libertadores Femenina,Cup
540,World,,CONMEBOL Libertadores U20,Cup
1206,World,,CONMEBOL Nations League Women,Cup
541,World,,CONMEBOL Recopa,Cup
11,World,,CONMEBOL Sudamericana,Cup
1085,World,,CONMEBOL U20 Femenino,Cup
859,World,,COSAFA Cup,Cup
771,World,,COSAFA U20 Championship,Cup
940,World,,COTIF Tournament,Cup
885,World,,Campeones Cup,Cup
804,World,,Caribbean Cup,Cup
766,World,,China Cup,Cup
21,World,,Confederations Cup,Cup
9,World,,Copa America,Cup
926,World,,Copa America Femenina,Cup
805,World,,Copa Centroamericana,Cup
23,World,,EAFF E-1 Football Championship,Cup
1169,World,,EAFF E-1 Football Championship - Qualification,Cup
1188,World,,EAFF E-1 Football Championship - Women,Cup
937,World,,Emirates Cup,Cup
4,World,,Euro Championship,Cup
960,World,,Euro Championship - Qualification,Cup
15,World,,FIFA Club World Cup,Cup
1186,World,,FIFA Club World Cup - Play-In,Cup
1168,World,,FIFA Intercontinental Cup,Cup
1222,World,,FIFA Series,Cup
1217,World,,FIFA Women Champions Cup,Cup
10,World,,Friendlies,Cup
667,World,,Friendlies Clubs,Cup
666,World,,Friendlies Women,Cup
25,World,,Gulf Cup of Nations,Cup
26,World,,International Champions Cup,Cup
945,World,,International Champions Cup - Women,Cup
941,World,,Islamic Solidarity Games,Cup
1038,World,,King's Cup,Cup
1213,World,,Kings World Cup Nations,Cup
916,World,,Kirin Cup,Cup
772,World,,Leagues Cup,Cup
919,World,,Mediterranean Games,Cup
27,World,,OFC Champions League,Cup
806,World,,OFC Nations Cup,Cup
1214,World,,OFC Pro League,Cup
1122,World,,OFC U19 Championship,Cup
1105,World,,Olympics - Intercontinental Play-offs,Cup
480,World,,Olympics Men,Cup
881,World,,Olympics Men - Qualification Concacaf,Cup
524,World,,Olympics Women,Cup
882,World,,Olympics Women - Qualification Asia,Cup
1047,World,,Olympics Women - Qualification CAF,Cup
770,World,,Pacific Games,Cup
1045,World,,Pan American Games,Cup
769,World,,Premier League Asia Trophy,Cup
1039,World,,Premier League International Cup,Cup
28,World,,SAFF Championship,Cup
1216,World,,Serie Rio De La Plata,Cup
904,World,,SheBelieves Cup,Cup
951,World,,South American Youth Games,Cup
911,World,,Southeast Asian Games,Cup
773,World,,Sudamericano U20,Cup
903,World,,The Atlantic Cup,Cup
900,World,,Tipsport Malta Cup,Cup
914,World,,Tournoi Maurice Revello,Cup
890,World,,U20 Elite League,Cup
1123,World,,UAE-Qatar - Super Cup,Cup
1089,World,,UAE-Qatar - Super Shield,Cup
1024,World,,UEFA - CONMEBOL - Club Challenge,Cup
2,World,,UEFA Champions League,Cup
525,World,,UEFA Champions League Women,Cup
743,World,,UEFA Championship - Women,Cup
1083,World,,UEFA Championship - Women - Qualification,Cup
848,World,,UEFA Europa Conference League,Cup
1191,World,,UEFA Europa Cup - Women,Cup
3,World,,UEFA Europa League,Cup
5,World,,UEFA Nations League,Cup
1040,World,,UEFA Nations League - Women,Cup
531,World,,UEFA Super Cup,Cup
921,World,,UEFA U17 Championship,Cup
886,World,,UEFA U17 Championship - Qualification,Cup
1102,World,,UEFA U17 Championship - Women,Cup
493,World,,UEFA U19 Championship,Cup
893,World,,UEFA U19 Championship - Qualification,Cup
918,World,,UEFA U19 Championship - Women,Cup
38,World,,UEFA U21 Championship,Cup
850,World,,UEFA U21 Championship - Qualification,Cup
14,World,,UEFA Youth League,League
1077,World,,WAFF Championship U23,Cup
1,World,,World Cup,Cup
29,World,,World Cup - Qualification Africa,Cup
30,World,,World Cup - Qualification Asia,Cup
31,World,,World Cup - Qualification CONCACAF,Cup
32,World,,World Cup - Qualification Europe,Cup
37,World,,World Cup - Qualification Intercontinental Play-offs,Cup
33,World,,World Cup - Qualification Oceania,Cup
34,World,,World Cup - Qualification South America,Cup
587,World,,World Cup - U17,Cup
950,World,,World Cup - U17 - Women,Cup
490,World,,World Cup - U20,Cup
920,World,,World Cup - U20 - Women,Cup
8,World,,World Cup - Women,Cup
927,World,,World Cup - Women - Qualification Concacaf,Cup
880,World,,World Cup - Women - Qualification Europe,Cup
910,World,,Youth Viareggio Cup,Cup
1079,Yemen,YE,Yemeni League,League
400,Zambia,ZM,Super League,League
401,Zimbabwe,ZW,Premier Soccer League,League
